Name,Mean,MeanLB,MeanUB,Stddev,StddevLB,StddevUB
"inc 10^3",5.768177971015023e-4,5.761988801307903e-4,5.774234685955981e-4,3.1399449877314155e-6,2.8680462565713525e-6,3.4636293254802085e-6
"inc 10^4",9.037451532919235e-3,8.694749859411538e-3,9.579241064626993e-3,2.116358819856871e-3,1.302261754105141e-3,2.919747087430944e-3
"inc 10^5",0.10907199340549913,0.10735357719150988,0.11112055497852763,9.5905438024347e-3,8.391396609099256e-3,1.0572271854680333e-2
"rnd 10^3",5.935961304138122e-4,5.9257707438706e-4,5.946186710197974e-4,5.239776975353528e-6,4.791916510927207e-6,5.756600164691623e-6
"rnd 10^4",1.119719603403312e-2,1.0925282028753586e-2,1.1569479492742844e-2,1.5937015114927066e-3,1.2350796941771596e-3,1.9288973214664311e-3
"rnd 10^5",0.24916695075718365,0.24793892341343365,0.2503677363940855,6.244091274569234e-3,5.630317952036196e-3,6.909966640195917e-3
