Name,Mean,MeanLB,MeanUB,Stddev,StddevLB,StddevUB
"inc 10^3",7.411638076504762e-4,7.408304757703608e-4,7.415067898064124e-4,1.7354890025623651e-6,1.5232079974567026e-6,2.0269477982069793e-6
"inc 10^4",1.1365226839155687e-2,1.1018685434431566e-2,1.1923753355116378e-2,2.1509327361660473e-3,1.335139921629652e-3,2.9854199362129353e-3
"inc 10^5",0.140289896198453,0.13860388106936364,0.1422982198678866,9.403413776764865e-3,8.220186829829617e-3,1.0376158265169206e-2
"rnd 10^3",6.167670652018708e-4,6.156119271861232e-4,6.17901295742219e-4,5.8360818785170726e-6,5.330547589214354e-6,6.428722749367903e-6
"rnd 10^4",1.1473030183882252e-2,1.1192493770689498e-2,1.1850467060179245e-2,1.6197209354460397e-3,1.2437608730144658e-3,1.9572746874230696e-3
"rnd 10^5",0.25609045571917444,0.2546552664720432,0.2575212747537508,7.372823031002968e-3,6.680594527007487e-3,8.15938840552295e-3
