Name,Mean,MeanLB,MeanUB,Stddev,StddevLB,StddevUB
"inc 10^3",7.411068157053641e-4,7.407741650211887e-4,7.414451430223747e-4,1.7228278264732328e-6,1.5390021246968823e-6,1.9578548587404066e-6
"inc 10^4",1.1167383888327049e-2,1.0814593532644669e-2,1.2052322128378312e-2,2.4914390324246435e-3,6.312496137160899e-5,4.530196955734504e-3
"inc 10^5",0.14014474699791568,0.13840940783318176,0.14217511246498718,9.619728386866274e-3,8.396455606313814e-3,1.0674851927121826e-2
"rnd 10^3",6.179485598787849e-4,6.167870799288338e-4,6.191262522921153e-4,6.020824498862187e-6,5.495360749324136e-6,6.622988439903379e-6
"rnd 10^4",1.1477259744685372e-2,1.1200553525965884e-2,1.1850258459132392e-2,1.6147329668357111e-3,1.2468577891975247e-3,1.9525943818033374e-3
"rnd 10^5",0.2568609530716767,0.2555589253693451,0.25813293526466996,6.618100414107266e-3,5.9687907105381065e-3,7.32053171669714e-3
