Name,Mean,MeanLB,MeanUB,Stddev,StddevLB,StddevUB
"inc 10^3",8.183533218996512e-4,8.178922956577466e-4,8.188144736250189e-4,2.370161949824341e-6,2.150969421967271e-6,2.6334062667433783e-6
"inc 10^4",1.2436391069612852e-2,1.2159953071794858e-2,1.2970027878008238e-2,1.957337873008481e-3,1.2298050104493153e-3,2.802101765314699e-3
"inc 10^5",0.15447107305948332,0.15273107281152798,0.15651911011163777,9.631116744057871e-3,8.468199451206027e-3,1.0612370245708132e-2
"rnd 10^3",6.250506364601415e-4,6.238447152870458e-4,6.263047181862155e-4,6.299742286236009e-6,5.719374726778937e-6,6.976634731124305e-6
"rnd 10^4",1.1703487589083067e-2,1.1428335859499327e-2,1.2078970625124327e-2,1.6227923799382556e-3,1.2548661876865506e-3,1.9599852105669944e-3
"rnd 10^5",0.2577081750911912,0.2567801307720383,0.25881556501810143,5.173582918955218e-3,4.366113815172781e-3,6.12148605320875e-3
