Name,Mean,MeanLB,MeanUB,Stddev,StddevLB,StddevUB
"inc 10^3",5.748659594367397e-4,5.742863468410454e-4,5.754454017334489e-4,2.9640401665251784e-6,2.69961029597509e-6,3.278962138437477e-6
"inc 10^4",9.012110544159648e-3,8.652913881256812e-3,9.56430108638071e-3,2.1787342222147938e-3,1.3079291050315488e-3,2.9932476808101557e-3
"inc 10^5",0.10893206658545063,0.10729856314840841,0.11088063779058982,9.084085233826434e-3,7.931482944875527e-3,1.0039584702401353e-2
"rnd 10^3",5.918264619299391e-4,5.908487691492681e-4,5.928030950724812e-4,4.999600543833316e-6,4.578266887823775e-6,5.4764526293260755e-6
"rnd 10^4",1.1180360628082987e-2,1.0911223007157083e-2,1.1550435138657323e-2,1.5616584530958376e-3,1.2066234010604361e-3,1.8938623783887134e-3
"rnd 10^5",0.24873695435705703,0.24732732834997703,0.2501077658194595,7.111720041479403e-3,6.373466281042422e-3,7.954584309599074e-3
