Name,Mean,MeanLB,MeanUB,Stddev,StddevLB,StddevUB
"inc 10^3",8.249030846357345e-4,8.244134481643376e-4,8.253636089437888e-4,2.433416132290687e-6,2.1617710449438914e-6,2.783442087761711e-6
"inc 10^4",1.2481898289024834e-2,1.2137323837578299e-2,1.301602743178606e-2,2.0917926600083057e-3,1.2521422103858666e-3,2.8803193660621915e-3
"inc 10^5",0.15446111007750035,0.15272852226316927,0.1565606407743693,9.755952544041317e-3,8.54953042470231e-3,1.0759338547588823e-2
"rnd 10^3",6.312210544198751e-4,6.295752708365518e-4,6.328601821511983e-4,8.41845910651275e-6,7.752800905206965e-6,9.196471398786156e-6
"rnd 10^4",1.1798883896172048e-2,1.1510144691765306e-2,1.2191560488045214e-2,1.687028755165092e-3,1.302566728272556e-3,2.040146358163919e-3
"rnd 10^5",0.26186596199095236,0.26042150541365144,0.2631841067892314,7.054612820426335e-3,6.24646178904282e-3,7.95277166545356e-3
