Name,Mean,MeanLB,MeanUB,Stddev,StddevLB,StddevUB
"inc 10^3",6.800276903844464e-4,6.79772375184304e-4,6.802919203662416e-4,1.3305446069168463e-6,1.2043532224041222e-6,1.4777112510269298e-6
"inc 10^4",1.0183791118496802e-2,9.83121295534983e-3,1.107056279742136e-2,2.490068790849382e-3,6.683968337174962e-5,4.548739227489674e-3
"inc 10^5",0.12699000259005447,0.12519403834902648,0.1291384019430818,1.0041069240717222e-2,8.719603167506406e-3,1.1213817389172412e-2
"rnd 10^3",6.133359510753214e-4,6.12178762659794e-4,6.14499147639042e-4,5.95211520949953e-6,5.461938410916049e-6,6.519770244526131e-6
"rnd 10^4",1.1464267471250966e-2,1.1176211336073359e-2,1.185053537171788e-2,1.6869779867215268e-3,1.3221880719776896e-3,2.0126226679576076e-3
"rnd 10^5",0.2542230453070344,0.2528337111052218,0.25556336541735564,7.008575230906626e-3,6.291866181437548e-3,7.802981578866234e-3
