Name,Mean,MeanLB,MeanUB,Stddev,StddevLB,StddevUB
"inc 10^3",7.410463044452335e-4,7.407331813780134e-4,7.413588598491699e-4,1.605138289015731e-6,1.423077970544455e-6,1.8340322784308722e-6
"inc 10^4",1.1172686352090138e-2,1.0813418163613576e-2,1.2072859539345995e-2,2.535951229839719e-3,6.424071905209568e-5,4.619282874016817e-3
"inc 10^5",0.14017232967789583,0.138438621296243,0.14223562313492716,9.684365781216708e-3,8.45546425087347e-3,1.0721860962742073e-2
"rnd 10^3",6.164897685538538e-4,6.153847901391716e-4,6.176025414220834e-4,5.690002217232807e-6,5.209558701655331e-6,6.231245406840215e-6
"rnd 10^4",1.1479848987736354e-2,1.1198903686680448e-2,1.1860289938130028e-2,1.6348172622200833e-3,1.255337398391808e-3,1.9741812408898994e-3
"rnd 10^5",0.25686593367035787,0.2552952273028654,0.2584201867717069,8.020806657163683e-3,7.281050757475693e-3,8.856565230974917e-3
