Name,Mean,MeanLB,MeanUB,Stddev,StddevLB,StddevUB
"inc 10^3",4.5874425302643886e-4,4.58393319217892e-4,4.5906611810822583e-4,1.729702675260703e-6,1.5621321679469713e-6,1.926719345996205e-6
"inc 10^4",5.788414815393361e-3,5.78671409619577e-3,5.790127455519906e-3,8.738504321851443e-6,7.759126531257824e-6,1.0180976902105683e-5
"inc 10^5",7.239969831504607e-2,7.239195686378257e-2,7.240786653556608e-2,4.070866824630018e-5,3.5888685557049496e-5,4.689321636020901e-5
"rnd 10^3",5.061638776619324e-4,5.060622517425904e-4,5.062739475726178e-4,5.420586348374388e-7,4.7385453830571957e-7,6.754918228264458e-7
"rnd 10^4",6.709453373144974e-3,6.7082469751347205e-3,6.710932760428299e-3,6.8284963371409536e-6,5.457949899803779e-6,1.0153277147581422e-5
"rnd 10^5",0.10663025241889738,0.10660932880439541,0.10666515451469206,1.359817304264078e-4,9.163554621826501e-5,1.9064607472740278e-4
