Name,Mean,MeanLB,MeanUB,Stddev,StddevLB,StddevUB
"inc 10^3",4.6002379270683637e-4,4.5992194028984427e-4,4.601228794683111e-4,5.163112854743569e-7,4.52668672031827e-7,5.993827617394744e-7
"inc 10^4",5.985257726447149e-3,5.983743768469854e-3,5.986956458823244e-3,8.201425762435627e-6,7.2298847030321035e-6,9.629821276381153e-6
"inc 10^5",7.322695275453006e-2,7.322044631150638e-2,7.323359032777221e-2,3.358883887169538e-5,2.9478965198292677e-5,3.9118298166245777e-5
"rnd 10^3",5.206948865614387e-4,5.206017996553373e-4,5.207956443261723e-4,5.00119885468972e-7,4.2711788712015124e-7,6.137429716636318e-7
"rnd 10^4",6.83885226799683e-3,6.8374956662817414e-3,6.840297084586187e-3,7.211202726758485e-6,6.238821846787703e-6,8.754773129984544e-6
"rnd 10^5",0.10954681893494997,0.10952575226930054,0.10958054801133547,1.3498787335845846e-4,9.20358563690063e-5,1.9019352676998756e-4
