Name,Mean,MeanLB,MeanUB,Stddev,StddevLB,StddevUB
"inc 10^3",4.550731010995546e-4,4.5501441344931407e-4,4.5514554366781997e-4,3.3139769803230465e-7,2.676456449927382e-7,4.554286739095672e-7
"inc 10^4",5.775302102890883e-3,5.774639299240982e-3,5.77603404792872e-3,3.585055331905766e-6,3.1410779845797484e-6,4.3533222559079484e-6
"inc 10^5",7.132038071968338e-2,7.131367638923902e-2,7.132842496254224e-2,3.759510043842367e-5,3.1174788820148744e-5,4.6264793368649066e-5
"rnd 10^3",5.099399000052877e-4,5.098785331362317e-4,5.10018370815888e-4,3.536086351440777e-7,2.820522607109103e-7,5.141370630694653e-7
"rnd 10^4",6.757439152490008e-3,6.756815687905659e-3,6.7581269900907175e-3,3.341534135204921e-6,2.8551153379521083e-6,4.505082575938785e-6
"rnd 10^5",0.10577031091072338,0.10574259713508866,0.10581446841575881,1.746672001257444e-4,1.1639738143273241e-4,2.368891632912009e-4
