Name,Mean,MeanLB,MeanUB,Stddev,StddevLB,StddevUB
"inc 10^3",4.580408821656153e-4,4.5779705331875725e-4,4.5826407863543573e-4,1.193906267709393e-6,1.034021116449985e-6,1.4441984096438701e-6
"inc 10^4",5.799187049070992e-3,5.79756898164749e-3,5.80075345913569e-3,8.166768425466937e-6,7.2023024417311905e-6,9.555073176064472e-6
"inc 10^5",7.252579457998276e-2,7.251768834829328e-2,7.253427751302723e-2,4.252847824409775e-5,3.689914955973468e-5,5.23806096760739e-5
"rnd 10^3",5.049519985655083e-4,5.04843466281891e-4,5.05065817521966e-4,5.715951797816965e-7,5.061940650989732e-7,6.641051738380678e-7
"rnd 10^4",6.716198958158493e-3,6.715066469907758e-3,6.717417277097703e-3,6.0470974147103416e-6,5.179791097220869e-6,7.373271842718703e-6
"rnd 10^5",0.10460651405096058,0.1045790291571617,0.10465122230291364,1.7689562641784763e-4,1.2022671491879544e-4,2.452557048636979e-4
