Name,Mean,MeanLB,MeanUB,Stddev,StddevLB,StddevUB
"inc 10^3",4.43631646979411e-4,4.4348577013027186e-4,4.437844997795685e-4,7.664092027500851e-7,6.753526494086765e-7,9.310463462371273e-7
"inc 10^4",5.775470079518395e-3,5.773933074411788e-3,5.77706907345557e-3,8.048592675143402e-6,7.131092422619364e-6,9.714481846331964e-6
"inc 10^5",7.142099661093068e-2,7.141426843862841e-2,7.142858309011768e-2,3.668916840534892e-5,3.195443349914154e-5,4.400841487904987e-5
"rnd 10^3",5.016885376891785e-4,5.015899913431499e-4,5.018006937624315e-4,5.361369663426173e-7,4.570996342335812e-7,7.255785755939165e-7
"rnd 10^4",6.630916806365605e-3,6.629848691131234e-3,6.632237645293825e-3,6.055033999164047e-6,4.85690769000992e-6,8.167952611574177e-6
"rnd 10^5",9.771930498342823e-2,9.770164293508839e-2,9.7748992864898e-2,1.1521402181518617e-4,7.563088995021887e-5,1.7165130782110824e-4
