Name,Mean,MeanLB,MeanUB,Stddev,StddevLB,StddevUB
"inc 10^3",4.573198286657566e-4,4.571174479718807e-4,4.57513681310457e-4,1.014729656791159e-6,9.038591034603092e-7,1.1957853794321287e-6
"inc 10^4",5.79418643736478e-3,5.792717778917517e-3,5.795686884955924e-3,7.613148975836612e-6,6.658630214451775e-6,8.844411224411723e-6
"inc 10^5",7.250947905849327e-2,7.250127507518637e-2,7.251839114498007e-2,4.3920358646452224e-5,3.814140756971233e-5,5.1585410994486594e-5
"rnd 10^3",5.030727193053023e-4,5.029496357138412e-4,5.03200173904047e-4,6.439481204995636e-7,5.639562164836295e-7,7.628124113506075e-7
"rnd 10^4",6.6726014677231955e-3,6.671150690669364e-3,6.674191719645803e-3,7.812349589221357e-6,6.427728786315069e-6,9.917979007948111e-6
"rnd 10^5",0.10652596188854085,0.1065016574985873,0.10656402541469444,1.5438836183734718e-4,1.0721193611603304e-4,2.149529500788412e-4
