Name,Mean,MeanLB,MeanUB,Stddev,StddevLB,StddevUB
"inc 10^3",4.598111017746524e-4,4.597208695124079e-4,4.5990060044126893e-4,4.6035132196444515e-7,4.0906361284679245e-7,5.25840547191876e-7
"inc 10^4",5.980635419948536e-3,5.9791381512717765e-3,5.982349649532276e-3,8.21465288922615e-6,7.079441413473683e-6,1.108741936109692e-5
"inc 10^5",7.326901581975544e-2,7.326266911717981e-2,7.327591088506305e-2,3.393665346065397e-5,2.961699109277474e-5,4.0857427763113056e-5
"rnd 10^3",5.175582857636124e-4,5.174361739870116e-4,5.176783243351772e-4,6.187212437118194e-7,5.37263225219229e-7,7.240276823414095e-7
"rnd 10^4",6.8252952252463835e-3,6.824039951427416e-3,6.826604143245655e-3,6.573399160470822e-6,5.707770514764685e-6,7.759658316631539e-6
"rnd 10^5",0.10954672244283288,0.10952224877568809,0.10958607819768518,1.5659855285882765e-4,1.0728314991273656e-4,2.1748185876113417e-4
