Name,Mean,MeanLB,MeanUB,Stddev,StddevLB,StddevUB
"inc 10^3",4.4458376456402306e-4,4.444552019302153e-4,4.4471177700110986e-4,6.586568120623695e-7,5.801827079365404e-7,7.718462394069825e-7
"inc 10^4",5.772429229401881e-3,5.7708556667798085e-3,5.773984910630516e-3,7.97558895942377e-6,7.001291489596307e-6,9.309699474676537e-6
"inc 10^5",7.114610815362796e-2,7.113562965707645e-2,7.115792656259404e-2,5.70553927819142e-5,4.8971815846924634e-5,7.061548907675925e-5
"rnd 10^3",4.991756938145932e-4,4.99060630935114e-4,4.992903420530656e-4,5.884961189630541e-7,5.17749744246314e-7,7.109955061461673e-7
"rnd 10^4",6.6100020424359395e-3,6.608520270966822e-3,6.6115982548230244e-3,7.929288378775256e-6,7.004563026941157e-6,9.334739396200856e-6
"rnd 10^5",0.10544386530237065,0.10541790867166388,0.10548769378976691,1.6886955372780342e-4,1.1226567395138557e-4,2.3818982800546671e-4
