Name,Mean,MeanLB,MeanUB,Stddev,StddevLB,StddevUB
"inc 10^3",1.717567695924305e-4,1.717414476925677e-4,1.7177878824944175e-4,9.316537453559294e-8,6.9212325212858e-8,1.406569573462958e-7
"inc 10^4",2.275595553300597e-3,2.2754548863389273e-3,2.275741385998147e-3,7.350788229307966e-7,6.320587213554882e-7,8.872778891252585e-7
"inc 10^5",2.7834278867136353e-2,2.783163480509411e-2,2.7838024423014033e-2,1.5939771080070702e-5,1.1811070745969322e-5,2.196867210160227e-5
"rnd 10^3",1.8562520189718766e-4,1.856132431240136e-4,1.8563776617786423e-4,6.301930519370214e-8,5.501530785373033e-8,7.570062152109565e-8
"rnd 10^4",2.5571902842304916e-3,2.5569780916950917e-3,2.5575212092182847e-3,1.3395922737164722e-6,9.469018191127782e-7,1.914379858194891e-6
"rnd 10^5",4.6745795533548684e-2,4.673139981974255e-2,4.6776840016733504e-2,1.0265474877763638e-4,4.998823067211018e-5,1.7252358726211595e-4
