Name,Mean,MeanLB,MeanUB,Stddev,StddevLB,StddevUB
"inc 10^3",1.725087335251551e-4,1.7249225459395245e-4,1.7253481932263324e-4,1.0394551525834764e-7,7.146992858319511e-8,1.610928772268769e-7
"inc 10^4",2.2778636945106757e-3,2.2776582571683514e-3,2.2781255575833876e-3,1.1789093828222058e-6,9.250384693965261e-7,1.611296405363786e-6
"inc 10^5",2.7668322761546484e-2,2.7666155536662452e-2,2.7671710689555512e-2,1.3657182075035924e-5,9.413086978101628e-6,2.0594635537797522e-5
"rnd 10^3",1.8692310587582308e-4,1.8690512987184317e-4,1.869436174424695e-4,9.857215110491592e-8,8.307327837826379e-8,1.2036081319992128e-7
"rnd 10^4",2.6037782112143253e-3,2.6036475578329788e-3,2.6039136329672544e-3,6.842684125313092e-7,6.146941392598645e-7,8.018594223846176e-7
"rnd 10^5",4.7418209751139966e-2,4.7401971061717375e-2,4.745170756150374e-2,1.15419156870083e-4,6.356603489014551e-5,1.833242241405251e-4
