Name,Mean,MeanLB,MeanUB,Stddev,StddevLB,StddevUB
"inc 10^3",1.677771902982291e-4,1.6776101189464724e-4,1.677971833990766e-4,9.18719010257106e-8,7.423507146193267e-8,1.214704458907167e-7
"inc 10^4",2.1484374136274513e-3,2.1482029686913347e-3,2.14877994165276e-3,1.4351760775391244e-6,1.0672513128879865e-6,2.2234071332956498e-6
"inc 10^5",2.707985826167193e-2,2.7077629047957342e-2,2.708308644923297e-2,1.3526426532267651e-5,1.0165801080868747e-5,1.9647168995595994e-5
"rnd 10^3",1.8559625347971397e-4,1.8557430383274914e-4,1.8562168479481817e-4,1.209162231258312e-7,1.0130904033742218e-7,1.454994600803094e-7
"rnd 10^4",2.584101573293859e-3,2.5839136994535265e-3,2.584300891225987e-3,9.919559345498347e-7,8.576783641524265e-7,1.2720261628921884e-6
"rnd 10^5",4.706590839060869e-2,4.705112167033284e-2,4.709379859599201e-2,1.0073189598325483e-4,6.18892956046038e-5,1.6252173488539394e-4
