Name,Mean,MeanLB,MeanUB,Stddev,StddevLB,StddevUB
"inc 10^3",1.6141227750652247e-4,1.6138353840212269e-4,1.614424664536331e-4,1.5162533752039506e-7,1.3232810175153966e-7,1.838094378146914e-7
"inc 10^4",2.1388848594192295e-3,2.1386607459548744e-3,2.139227784808839e-3,1.3982133887962648e-6,1.0176908898694373e-6,2.2746958965772605e-6
"inc 10^5",2.6744897348501457e-2,2.6742739660360587e-2,2.674867866716602e-2,1.4322123065484689e-5,8.812077142844829e-6,2.2594053327672747e-5
"rnd 10^3",1.814052872599422e-4,1.8138481994192082e-4,1.8143441100637394e-4,1.2323949478230756e-7,9.299094241704548e-8,1.8238052757093547e-7
"rnd 10^4",2.571113106174902e-3,2.5708117450909175e-3,2.5715627636150873e-3,1.8645464306448254e-6,1.2870120435821453e-6,2.797004365228017e-6
"rnd 10^5",4.167329071245412e-2,4.16607141324065e-2,4.169736383638598e-2,8.680205369146135e-5,5.0848955199944605e-5,1.3942981790372047e-4
