Name,Mean,MeanLB,MeanUB,Stddev,StddevLB,StddevUB
"inc 10^3",1.616603671909884e-4,1.6163669090153587e-4,1.6169328220038095e-4,1.4188029600053896e-7,1.109738966333732e-7,1.9194264132098915e-7
"inc 10^4",2.135004050812938e-3,2.134796626649117e-3,2.1352273695486967e-3,1.1054855302010605e-6,9.629322369696591e-7,1.287159692075729e-6
"inc 10^5",2.687097458411347e-2,2.6868444962989207e-2,2.687484888602388e-2,1.5913363207673862e-5,1.1170751172826913e-5,2.274765858973712e-5
"rnd 10^3",1.8131735317955275e-4,1.8129393432234734e-4,1.8134661713740691e-4,1.3378464394088222e-7,1.0817395366198768e-7,1.7460006264943281e-7
"rnd 10^4",2.5479562846205442e-3,2.5477450457594615e-3,2.5482476321242085e-3,1.2564390641831575e-6,9.58811645176597e-7,1.7310059910802948e-6
"rnd 10^5",4.382863430548798e-2,4.3816172166358344e-2,4.3857602162848834e-2,9.192906874405894e-5,4.2917579789059315e-5,1.744450296129255e-4
