Name,Mean,MeanLB,MeanUB,Stddev,StddevLB,StddevUB
"inc 10^3",1.6652829463683163e-4,1.6649508633474256e-4,1.6656794024055648e-4,1.8634195566893316e-7,1.5978101223175617e-7,2.3041531824257584e-7
"inc 10^4",2.155085423055924e-3,2.1549030328429117e-3,2.1552725816405176e-3,9.541500816176056e-7,8.486127477156187e-7,1.1219572632532666e-6
"inc 10^5",2.7201399913213478e-2,2.7198863139531824e-2,2.7205278983495448e-2,1.585308697470812e-5,1.1261717458615445e-5,2.2363857716734374e-5
"rnd 10^3",1.8465519126101488e-4,1.8463676112640814e-4,1.8467891958626832e-4,1.0645885679357714e-7,8.671292479839111e-8,1.5891520809791317e-7
"rnd 10^4",2.5672507506175487e-3,2.5669803839488453e-3,2.5676121931834657e-3,1.5957632105917082e-6,1.2448955626589693e-6,2.2469985867748306e-6
"rnd 10^5",4.6114866843602886e-2,4.610117923297666e-2,4.614668141879818e-2,1.0085100840339018e-4,4.537972941265203e-5,1.8495827565545494e-4
