Name,Mean,MeanLB,MeanUB,Stddev,StddevLB,StddevUB
"inc 10^3",1.6622559838884159e-4,1.662075994651235e-4,1.6624954098699653e-4,1.0601625778551022e-7,8.307895044760928e-8,1.4406850000867674e-7
"inc 10^4",2.1451166927001692e-3,2.1449358919443497e-3,2.145325706321182e-3,9.997244288503694e-7,8.561143439377242e-7,1.2405751865662398e-6
"inc 10^5",2.707219818781723e-2,2.706991652201522e-2,2.70757315511595e-2,1.4382851152719563e-5,1.0165552843264779e-5,2.0915948234264684e-5
"rnd 10^3",1.8476087282581085e-4,1.847393033949827e-4,1.8478780667466875e-4,1.2359498858869804e-7,1.0028973250873134e-7,1.6610386637091348e-7
"rnd 10^4",2.5785245489098815e-3,2.578292329213835e-3,2.5788778852441096e-3,1.461206672173448e-6,1.0284968289628193e-6,2.1583623640088716e-6
"rnd 10^5",4.6017448698986656e-2,4.6005575453747415e-2,4.6042108332623136e-2,8.457592700831077e-5,4.8122545698114305e-5,1.4981705231594485e-4
