Name,Mean,MeanLB,MeanUB,Stddev,StddevLB,StddevUB
"inc 10^3",1.6760591605278187e-4,1.675856677502668e-4,1.6763190022256217e-4,1.171856838710959e-7,9.124816607758314e-8,1.626265674113732e-7
"inc 10^4",2.15820238290411e-3,2.1579738984324717e-3,2.1586001445669124e-3,1.5110455008276347e-6,9.796769854878122e-7,2.35364519826644e-6
"inc 10^5",2.6935129481445656e-2,2.6932857352386826e-2,2.693911345590244e-2,1.4999491192256343e-5,9.955674948006704e-6,2.5101931766324818e-5
"rnd 10^3",1.8162299441004345e-4,1.8159583704376768e-4,1.8165406333113263e-4,1.4984885655309998e-7,1.2817892685089507e-7,1.8346667822777847e-7
"rnd 10^4",2.562707964160226e-3,2.5625205671570513e-3,2.5629230177185757e-3,1.0278253493987199e-6,8.468704896296359e-7,1.3826429741201014e-6
"rnd 10^5",4.508396180261265e-2,4.506812127221713e-2,4.5116334277283066e-2,1.1081340383161714e-4,6.324029055927125e-5,1.8688683223907454e-4
